{
  "$schema": "https://schema.management.azure.com/schemas/2019-04-01/deploymentTemplate.json#",
  "contentVersion": "2.0.0.0",
  "metadata": {
    "name": "Key Vault",
    "description": "Create or update a Key Vault."
  },
  "parameters": {
    "vaultName": {
      "type": "string",
      "metadata": {
        "description": "The name of the Key Vault.",
        "example": "<name>"
      }
    },
    "location": {
      "type": "string",
      "defaultValue": "[resourceGroup().location]",
      "metadata": {
        "description": "The Azure region to deploy to.",
        "strongType": "location",
        "example": "eastus"
      }
    },
    "accessPolicies": {
      "type": "array",
      "defaultValue": [],
      "metadata": {
        "description": "The access policies defined for this vault.",
        "example": [
          {
            "objectId": "<object_id>",
            "tenantId": "<tenant_id>",
            "permissions": {
              "secrets": [
                "Get",
                "List",
                "Set"
              ]
            }
          }
        ]
      }
    },
    "useDeployment": {
      "type": "bool",
      "defaultValue": true,
      "metadata": {
        "description": "Determines if Azure can deploy certificates from this Key Vault."
      }
    },
    "useTemplate": {
      "type": "bool",
      "defaultValue": true,
      "metadata": {
        "description": "Determines if templates can reference secrets from this Key Vault."
      }
    },
    "useDiskEncryption": {
      "type": "bool",
      "defaultValue": true,
      "metadata": {
        "description": "Determines if this Key Vault can be used for Azure Disk Encryption."
      }
    },
    "useSoftDelete": {
      "type": "bool",
      "defaultValue": true,
      "metadata": {
        "description": "Determine if soft delete is enabled on this Key Vault."
      }
    },
    "usePurgeProtection": {
      "type": "bool",
      "defaultValue": true,
      "metadata": {
        "description": "Determine if purge protection is enabled on this Key Vault."
      }
    },
    "softDeleteDays": {
      "type": "int",
      "defaultValue": 90,
      "minValue": 7,
      "maxValue": 90,
      "metadata": {
        "description": "The number of days to retain soft deleted vaults and vault objects."
      }
    },
    "useRBAC": {
      "type": "bool",
      "defaultValue": false,
      "metadata": {
        "description": "Determines if access to the objects granted using RBAC. When true, access policies are ignored."
      }
    },
    "networkAcls": {
      "type": "object",
      "defaultValue": {
        "defaultAction": "Allow",
        "bypass": "AzureServices",
        "ipRules": [],
        "virtualNetworkRules": []
      },
      "metadata": {
        "description": "The network firewall defined for this vault."
      }
    },
    "workspaceId": {
      "type": "string",
      "defaultValue": "",
      "metadata": {
        "description": "The workspace to store audit logs.",
        "strongType": "Microsoft.OperationalInsights/workspaces",
        "example": "/subscriptions/<subscription_id>/resourceGroups/<resource_group>/providers/Microsoft.OperationalInsights/workspaces/<workspace_name>"
      }
    },
    "tags": {
      "type": "object",
      "metadata": {
        "description": "Tags to apply to the resource.",
        "example": {
          "service": "<service_name>",
          "env": "prod"
        }
      }
    }
  },
  "resources": [
    {
      "comments": "Create or update a Key Vault.",
      "type": "Microsoft.KeyVault/vaults",
      "name": "[parameters('vaultName')]",
      "apiVersion": "2019-09-01",
      "location": "[parameters('location')]",
      "properties": {
        "enabledForDeployment": "[parameters('useDeployment')]",
        "enabledForTemplateDeployment": "[parameters('useTemplate')]",
        "enabledForDiskEncryption": "[parameters('useDiskEncryption')]",
        "accessPolicies": "[parameters('accessPolicies')]",
        "tenantId": "[subscription().tenantId]",
        "sku": {
          "name": "Standard",
          "family": "A"
        },
        "networkAcls": "[parameters('networkAcls')]",
        "enableSoftDelete": "[parameters('useSoftDelete')]",
        "enablePurgeProtection": "[parameters('usePurgeProtection')]",
        "softDeleteRetentionInDays": "[parameters('softDeleteDays')]",
        "enableRbacAuthorization": "[parameters('useRBAC')]"
      },
      "tags": "[parameters('tags')]",
      "resources": [
        {
          "comments": "Forward Key Vault audit events to a Log Analytics workspace.",
          "condition": "[not(empty(parameters('workspaceId')))]",
          "type": "Microsoft.KeyVault/vaults/providers/diagnosticSettings",
          "name": "[concat(parameters('vaultName'), '/Microsoft.Insights/service')]",
          "apiVersion": "2016-09-01",
          "location": "[parameters('location')]",
          "dependsOn": [
            "[concat('Microsoft.KeyVault/vaults/', parameters('vaultName'))]"
          ],
          "properties": {
            "workspaceId": "[parameters('workspaceId')]",
            "logs": [
              {
                "category": "AuditEvent",
                "enabled": true
              }
            ]
          }
        }
      ]
    }
  ],
  "outputs": {
    "resourceId": {
      "type": "string",
      "value": "[resourceId('Microsoft.KeyVault/vaults', parameters('vaultName'))]",
      "metadata": {
        "description": "A unique resource identifier for the Key Vault."
      }
    }
  }
}
